"url"	"title"	"company_name"	"company_score"	"time_posted"	"metadata"	"date_scraped"	"city"	"page"	"softskill_communication"	"softskill_teamwork"	"softskill_adaptability"	"softskill_problem_solving"	"softskill_interpersonal"	"softskill_time_management"	"softskill_leadership"	"softskill_attention_to_detail"	"softskill_creativity"	"softskill_work_ethic"	"hardskill_HTML"	"hardskill_Analytics"	"hardskill_pivot_table"	"hardskill_digital_communication"	"hardskill_data_mining"	"hardskill_data_engineering"	"hardskill_database_management"	"hardskill_User_Interface_Design"	"hardskill_Web_Architecture_and_Development_Framework"	"hardskill_risk_assessment"	"hardskill_iOS_App_Development"	"hardskill_python"	"hardskill_r"	"hardskill_hadoop"	"hardskill_spark"	"hardskill_c"	"hardskill_java"	"hardskill_aws"	"hardskill_tensorflow"	"hardskill_hive"	"hardskill_pig"	"hardskill_sql"	"hardskill_bd"	"hardskill_shell"
"https://www.indeed.com/viewjob?jk=2fabf12f15279824"	"Senior Data Scientist"	"Trunk Club"	"89 reviews"	"15 days ago"	"character(0)"	"2018-10-15"	"Chicago%2C+IL"	0	TRUE	FALSE	TRUE	FALSE	FALSE	FALSE	FALSE	FALSE	FALSE	FALSE	FALSE	FALSE	TRUE	FALSE	FALSE	FALSE	FALSE	FALSE	FALSE	FALSE	FALSE	TRUE	FALSE	FALSE	FALSE	FALSE	FALSE	FALSE	FALSE	FALSE	FALSE	FALSE	FALSE	FALSE
"https://www.indeed.com/viewjob?jk=49adcb479d6a010a"	"Data Scientist (944)"	"ABC Supply Co. Inc"	"450 reviews"	"18 days ago"	"character(0)"	"2018-10-15"	"Chicago%2C+IL"	0	FALSE	FALSE	FALSE	FALSE	FALSE	TRUE	FALSE	TRUE	FALSE	FALSE	FALSE	TRUE	FALSE	FALSE	FALSE	FALSE	FALSE	TRUE	FALSE	FALSE	FALSE	TRUE	TRUE	FALSE	FALSE	FALSE	FALSE	FALSE	FALSE	FALSE	FALSE	TRUE	FALSE	FALSE
"https://www.indeed.com/viewjob?jk=e11bd7834462ac08"	"Data Scientist"	"Robert Half Technology"	"410 reviews"	"13 days ago"	"character(0)"	"2018-10-15"	"Chicago%2C+IL"	0	FALSE	FALSE	FALSE	FALSE	FALSE	FALSE	FALSE	FALSE	FALSE	FALSE	FALSE	TRUE	FALSE	FALSE	FALSE	FALSE	FALSE	FALSE	FALSE	FALSE	FALSE	TRUE	FALSE	TRUE	FALSE	FALSE	FALSE	FALSE	FALSE	FALSE	FALSE	FALSE	FALSE	FALSE
"https://www.indeed.com/viewjob?jk=4d5b5fb08d809a7a"	"Customer Facing Data Scientist"	"DataRobot"	"2 reviews"	"4 days ago"	"character(0)"	"2018-10-15"	"Chicago%2C+IL"	0	TRUE	FALSE	FALSE	TRUE	TRUE	FALSE	FALSE	FALSE	FALSE	FALSE	FALSE	FALSE	FALSE	FALSE	FALSE	FALSE	FALSE	FALSE	FALSE	FALSE	FALSE	TRUE	FALSE	TRUE	FALSE	FALSE	FALSE	FALSE	FALSE	FALSE	FALSE	FALSE	TRUE	FALSE
"https://www.indeed.com/viewjob?jk=2da05a464d53f4dc"	"Credit Audit Data Scientist & Analyst"	"BMO Financial Group"	"849 reviews"	"28 days ago"	"$60,000 - $95,000 a year"	"2018-10-15"	"Chicago%2C+IL"	0	TRUE	FALSE	FALSE	TRUE	TRUE	TRUE	TRUE	TRUE	FALSE	FALSE	FALSE	TRUE	FALSE	FALSE	FALSE	FALSE	FALSE	FALSE	FALSE	FALSE	TRUE	TRUE	FALSE	TRUE	TRUE	FALSE	TRUE	FALSE	FALSE	FALSE	FALSE	TRUE	FALSE	TRUE
"https://www.indeed.com/viewjob?jk=993c4712bb3a0a52"	"Data Scientist"	"Trunk Club"	"89 reviews"	"7 days ago"	"character(0)"	"2018-10-15"	"Chicago%2C+IL"	0	FALSE	FALSE	TRUE	FALSE	FALSE	FALSE	FALSE	FALSE	FALSE	FALSE	FALSE	FALSE	TRUE	FALSE	FALSE	FALSE	FALSE	FALSE	FALSE	FALSE	FALSE	TRUE	FALSE	FALSE	TRUE	FALSE	FALSE	FALSE	FALSE	FALSE	FALSE	FALSE	FALSE	FALSE
"https://www.indeed.com/viewjob?jk=24587a316659ebfb"	"c(\Data Scientist\, \What your day could consist of:\, \What is needed:\n\)"	"ActiveCampaign"	"2 reviews"	"12 days ago"	"character(0)"	"2018-10-15"	"Chicago%2C+IL"	0	TRUE	FALSE	FALSE	FALSE	FALSE	FALSE	FALSE	FALSE	FALSE	FALSE	FALSE	TRUE	FALSE	FALSE	FALSE	FALSE	FALSE	FALSE	FALSE	FALSE	FALSE	TRUE	FALSE	FALSE	FALSE	FALSE	FALSE	FALSE	FALSE	FALSE	FALSE	TRUE	FALSE	FALSE
"https://www.indeed.com/viewjob?jk=97cbcb6aa8a53cf4"	"Data Scientist"	"Numerator"	"107 reviews"	"11 days ago"	"character(0)"	"2018-10-15"	"Chicago%2C+IL"	0	TRUE	FALSE	FALSE	TRUE	FALSE	FALSE	FALSE	FALSE	FALSE	FALSE	FALSE	TRUE	FALSE	FALSE	FALSE	TRUE	FALSE	FALSE	FALSE	FALSE	FALSE	TRUE	FALSE	FALSE	FALSE	FALSE	FALSE	FALSE	FALSE	FALSE	FALSE	TRUE	FALSE	FALSE
"https://www.indeed.com/viewjob?jk=fd9111667c45b298"	"Data Scientist"	"Citizens Utility Board (CUB)"	"-"	"3 days ago"	"character(0)"	"2018-10-15"	"Chicago%2C+IL"	0	TRUE	FALSE	FALSE	FALSE	FALSE	FALSE	FALSE	FALSE	FALSE	FALSE	FALSE	FALSE	FALSE	FALSE	TRUE	FALSE	FALSE	FALSE	FALSE	FALSE	FALSE	TRUE	FALSE	FALSE	FALSE	FALSE	TRUE	FALSE	FALSE	FALSE	FALSE	TRUE	FALSE	FALSE
"https://www.indeed.com/viewjob?jk=7c003940763b48e9"	"DATA SCIENTIST"	"Trading Technologies"	"12 reviews"	"2 days ago"	"character(0)"	"2018-10-15"	"Chicago%2C+IL"	0	TRUE	FALSE	FALSE	TRUE	FALSE	FALSE	FALSE	FALSE	FALSE	FALSE	FALSE	FALSE	FALSE	FALSE	FALSE	FALSE	FALSE	FALSE	FALSE	FALSE	FALSE	TRUE	TRUE	TRUE	TRUE	FALSE	TRUE	FALSE	FALSE	FALSE	FALSE	FALSE	FALSE	FALSE
"https://www.indeed.com/viewjob?jk=cacf4449907b563d"	"Associate Data Scientist"	"Blue Cross Blue Shield of IL, MT, NM, OK & TX"	"1,471 reviews"	"17 days ago"	"character(0)"	"2018-10-15"	"Chicago%2C+IL"	0	TRUE	FALSE	FALSE	FALSE	FALSE	FALSE	FALSE	FALSE	FALSE	FALSE	FALSE	FALSE	FALSE	FALSE	FALSE	TRUE	FALSE	FALSE	FALSE	FALSE	FALSE	TRUE	FALSE	TRUE	FALSE	FALSE	FALSE	FALSE	FALSE	TRUE	FALSE	TRUE	FALSE	FALSE
"https://www.indeed.com/viewjob?jk=00a2122fbb983011"	"Data Scientist"	"Vizient, Inc."	"113 reviews"	"11 days ago"	"character(0)"	"2018-10-15"	"Chicago%2C+IL"	10	TRUE	FALSE	FALSE	FALSE	FALSE	FALSE	TRUE	FALSE	FALSE	FALSE	FALSE	FALSE	FALSE	FALSE	FALSE	FALSE	FALSE	FALSE	FALSE	FALSE	FALSE	TRUE	FALSE	FALSE	FALSE	FALSE	FALSE	FALSE	FALSE	FALSE	FALSE	FALSE	FALSE	FALSE
"https://www.indeed.com/viewjob?jk=4f6c01fe6410709f"	"Associate Data Scientist Intern"	"The Marketing Store"	"22 reviews"	"17 days ago"	"c(\$76,000 - $112,000 a year (Indeed Est.) \, \Internship\)"	"2018-10-15"	"Chicago%2C+IL"	10	TRUE	FALSE	FALSE	FALSE	FALSE	FALSE	FALSE	FALSE	FALSE	FALSE	FALSE	FALSE	FALSE	FALSE	FALSE	TRUE	FALSE	FALSE	FALSE	FALSE	FALSE	FALSE	FALSE	FALSE	FALSE	FALSE	FALSE	FALSE	FALSE	FALSE	FALSE	TRUE	FALSE	FALSE
"https://www.indeed.com/viewjob?jk=24f40cd56051b5ed"	"Data Scientist"	"HNI (Muscatine, IA)"	"71 reviews"	"3 days ago"	"character(0)"	"2018-10-15"	"Chicago%2C+IL"	10	FALSE	FALSE	FALSE	FALSE	FALSE	FALSE	FALSE	FALSE	FALSE	FALSE	FALSE	TRUE	FALSE	FALSE	FALSE	FALSE	FALSE	FALSE	FALSE	FALSE	FALSE	TRUE	FALSE	FALSE	FALSE	FALSE	FALSE	FALSE	FALSE	FALSE	FALSE	FALSE	TRUE	FALSE
"https://www.indeed.com/viewjob?jk=5d4b9892bf36f524"	"Data Scientist"	"FastModel Sports"	"-"	"26 days ago"	"$92,000 - $136,000 a year (Indeed Est.) "	"2018-10-15"	"Chicago%2C+IL"	10	FALSE	FALSE	FALSE	FALSE	FALSE	FALSE	FALSE	FALSE	FALSE	FALSE	FALSE	TRUE	FALSE	FALSE	FALSE	TRUE	FALSE	FALSE	FALSE	FALSE	FALSE	TRUE	FALSE	FALSE	TRUE	FALSE	TRUE	TRUE	FALSE	FALSE	FALSE	TRUE	TRUE	FALSE
"https://www.indeed.com/viewjob?jk=e121d946316e44e6"	"Data Scientist"	"Peak6"	"2 reviews"	"11 days ago"	"$120,000 - $177,000 a year (Indeed Est.) "	"2018-10-15"	"Chicago%2C+IL"	10	FALSE	FALSE	FALSE	FALSE	FALSE	FALSE	FALSE	FALSE	FALSE	FALSE	FALSE	TRUE	FALSE	FALSE	FALSE	FALSE	FALSE	FALSE	FALSE	FALSE	FALSE	TRUE	FALSE	FALSE	FALSE	FALSE	FALSE	FALSE	TRUE	FALSE	FALSE	TRUE	FALSE	FALSE
"https://www.indeed.com/viewjob?jk=6d8bf53e38f0a096"	"Data Scientist (Machine Learning, Deep Learning, Computer Vision)"	"Workbridge Associates"	"40 reviews"	"7 days ago"	"c(\$90,000 - $130,000 a year\, \Contract\)"	"2018-10-15"	"Chicago%2C+IL"	100	FALSE	FALSE	FALSE	FALSE	FALSE	FALSE	FALSE	FALSE	FALSE	FALSE	FALSE	FALSE	FALSE	FALSE	FALSE	FALSE	FALSE	FALSE	FALSE	FALSE	FALSE	TRUE	FALSE	FALSE	FALSE	FALSE	FALSE	TRUE	FALSE	FALSE	FALSE	FALSE	FALSE	FALSE
"https://www.indeed.com/viewjob?jk=b04f7953f1a09c66"	"Research and Evaluation Data Analyst"	"AIDS Foundation of Chicago"	"9 reviews"	"6 days ago"	"character(0)"	"2018-10-15"	"Chicago%2C+IL"	100	TRUE	FALSE	FALSE	FALSE	TRUE	TRUE	FALSE	TRUE	FALSE	FALSE	FALSE	FALSE	FALSE	FALSE	FALSE	FALSE	FALSE	FALSE	FALSE	FALSE	FALSE	FALSE	TRUE	FALSE	FALSE	FALSE	FALSE	FALSE	FALSE	FALSE	FALSE	TRUE	FALSE	FALSE
"https://www.indeed.com/viewjob?jk=24c11411eac08510"	"Data Scientist/Engineer"	"KRPO"	"-"	"7 days ago"	"Contract"	"2018-10-15"	"Chicago%2C+IL"	100	FALSE	FALSE	FALSE	FALSE	FALSE	FALSE	TRUE	FALSE	FALSE	FALSE	FALSE	TRUE	FALSE	FALSE	FALSE	FALSE	FALSE	FALSE	FALSE	FALSE	FALSE	TRUE	TRUE	FALSE	FALSE	FALSE	FALSE	FALSE	FALSE	FALSE	FALSE	FALSE	FALSE	FALSE
"https://www.indeed.com/viewjob?jk=bd44de98fcf93d09"	"Data Scientist (Python, R, SQL)"	"Workbridge Associates"	"40 reviews"	"5 days ago"	"c(\$80,000 - $110,000 a year\, \Contract\)"	"2018-10-15"	"Chicago%2C+IL"	100	FALSE	FALSE	FALSE	FALSE	FALSE	FALSE	FALSE	FALSE	FALSE	FALSE	FALSE	FALSE	FALSE	FALSE	FALSE	TRUE	FALSE	FALSE	FALSE	FALSE	FALSE	TRUE	FALSE	FALSE	FALSE	FALSE	FALSE	FALSE	FALSE	FALSE	FALSE	TRUE	FALSE	FALSE
"https://www.indeed.com/viewjob?jk=0c4df5290a445e64"	"Data Scientist"	"Smith Hanley Associates"	"18 reviews"	"6 days ago"	"$90,000 - $195,000 a year"	"2018-10-15"	"Chicago%2C+IL"	100	TRUE	FALSE	FALSE	FALSE	FALSE	FALSE	FALSE	FALSE	FALSE	FALSE	FALSE	TRUE	FALSE	FALSE	FALSE	FALSE	FALSE	FALSE	FALSE	FALSE	FALSE	TRUE	FALSE	TRUE	TRUE	FALSE	FALSE	FALSE	FALSE	FALSE	FALSE	TRUE	TRUE	FALSE
"https://www.indeed.com/viewjob?jk=8d5a79f14333dfaf"	"Data Scientist"	"Catalina Marketing"	"81 reviews"	"13 days ago"	"character(0)"	"2018-10-15"	"Chicago%2C+IL"	20	TRUE	FALSE	FALSE	FALSE	FALSE	FALSE	FALSE	FALSE	TRUE	FALSE	FALSE	TRUE	FALSE	FALSE	TRUE	TRUE	FALSE	FALSE	FALSE	FALSE	FALSE	TRUE	TRUE	FALSE	FALSE	FALSE	FALSE	FALSE	FALSE	FALSE	FALSE	TRUE	TRUE	FALSE
"https://www.indeed.com/viewjob?jk=954e79e24ab269c4"	"Data Scientist"	"Kantar Media"	"72 reviews"	"20 days ago"	"character(0)"	"2018-10-15"	"Chicago%2C+IL"	20	FALSE	FALSE	FALSE	FALSE	FALSE	FALSE	FALSE	FALSE	FALSE	FALSE	FALSE	FALSE	FALSE	FALSE	FALSE	TRUE	FALSE	FALSE	FALSE	FALSE	FALSE	TRUE	FALSE	FALSE	FALSE	FALSE	FALSE	TRUE	FALSE	FALSE	FALSE	TRUE	FALSE	FALSE
"https://www.indeed.com/viewjob?jk=a01d9dc13f0fed4e"	"Data Scientist/Corporate Training - Promotable"	"1871"	"4 reviews"	"4 days ago"	"Part-time"	"2018-10-15"	"Chicago%2C+IL"	20	FALSE	FALSE	FALSE	FALSE	FALSE	FALSE	FALSE	FALSE	FALSE	FALSE	FALSE	FALSE	FALSE	FALSE	FALSE	FALSE	FALSE	FALSE	FALSE	FALSE	FALSE	TRUE	FALSE	FALSE	FALSE	FALSE	FALSE	FALSE	FALSE	FALSE	FALSE	TRUE	FALSE	FALSE
"https://www.indeed.com/viewjob?jk=cb2c41d968993fe1"	"Data Scientist Associate"	"Zurich North America"	"684 reviews"	"13 days ago"	"character(0)"	"2018-10-15"	"Chicago%2C+IL"	20	TRUE	FALSE	FALSE	TRUE	FALSE	FALSE	FALSE	FALSE	FALSE	FALSE	FALSE	TRUE	FALSE	FALSE	FALSE	FALSE	FALSE	FALSE	FALSE	FALSE	FALSE	FALSE	FALSE	FALSE	FALSE	FALSE	FALSE	FALSE	FALSE	FALSE	FALSE	FALSE	FALSE	FALSE
"https://www.indeed.com/viewjob?jk=619f469f4881f114"	"Data Scientist"	"Synchrony"	"576 reviews"	"7 days ago"	"$60,000 - $130,000 a year"	"2018-10-15"	"Chicago%2C+IL"	20	TRUE	FALSE	FALSE	TRUE	TRUE	TRUE	FALSE	FALSE	FALSE	FALSE	FALSE	TRUE	FALSE	FALSE	TRUE	FALSE	FALSE	FALSE	FALSE	FALSE	TRUE	TRUE	TRUE	TRUE	TRUE	FALSE	FALSE	FALSE	FALSE	TRUE	FALSE	FALSE	TRUE	FALSE
"https://www.indeed.com/viewjob?jk=d6a8b17d24798434"	"Associate Data Scientist"	"Zurich North America"	"684 reviews"	"26 days ago"	"character(0)"	"2018-10-15"	"Chicago%2C+IL"	30	TRUE	FALSE	FALSE	FALSE	FALSE	FALSE	FALSE	FALSE	FALSE	FALSE	FALSE	FALSE	FALSE	FALSE	FALSE	FALSE	FALSE	FALSE	FALSE	FALSE	FALSE	TRUE	FALSE	FALSE	FALSE	FALSE	FALSE	FALSE	FALSE	FALSE	FALSE	FALSE	TRUE	FALSE
"https://www.indeed.com/viewjob?jk=d2789f368393f951"	"Machine Learning Data Scientist"	"Walgreens"	"25,322 reviews"	"3 days ago"	"character(0)"	"2018-10-15"	"Chicago%2C+IL"	30	FALSE	FALSE	FALSE	FALSE	FALSE	TRUE	FALSE	TRUE	FALSE	FALSE	FALSE	FALSE	FALSE	FALSE	TRUE	FALSE	FALSE	FALSE	FALSE	FALSE	FALSE	TRUE	TRUE	TRUE	FALSE	FALSE	TRUE	FALSE	FALSE	TRUE	TRUE	TRUE	FALSE	FALSE
"https://www.indeed.com/viewjob?jk=e93b64a10314c20d"	"Cyber Security Data Scientist"	"Bank of America"	"22,687 reviews"	"13 days ago"	"character(0)"	"2018-10-15"	"Chicago%2C+IL"	30	FALSE	FALSE	FALSE	FALSE	TRUE	FALSE	FALSE	FALSE	FALSE	FALSE	FALSE	FALSE	FALSE	FALSE	FALSE	TRUE	FALSE	FALSE	FALSE	FALSE	FALSE	TRUE	TRUE	TRUE	TRUE	FALSE	TRUE	FALSE	FALSE	TRUE	FALSE	TRUE	TRUE	FALSE
"https://www.indeed.com/viewjob?jk=385247c81ae395d0"	"Full-Time Research Analyst"	"Office of the Chief Judge, Circuit Court of Cook County, Illinois"	"-"	"3 days ago"	"c(\$66,479 a year\, \Temporary\)"	"2018-10-15"	"Chicago%2C+IL"	40	FALSE	FALSE	FALSE	FALSE	FALSE	FALSE	FALSE	FALSE	FALSE	FALSE	FALSE	FALSE	FALSE	FALSE	FALSE	FALSE	FALSE	FALSE	FALSE	FALSE	FALSE	FALSE	FALSE	FALSE	FALSE	FALSE	FALSE	FALSE	FALSE	FALSE	FALSE	FALSE	FALSE	FALSE
"https://www.indeed.com/viewjob?jk=7cffb828b181a64c"	"Data Scientist"	"Conagra Brands"	"1,267 reviews"	"26 days ago"	"character(0)"	"2018-10-15"	"Chicago%2C+IL"	40	TRUE	FALSE	FALSE	TRUE	FALSE	FALSE	FALSE	FALSE	FALSE	FALSE	FALSE	TRUE	FALSE	FALSE	FALSE	FALSE	FALSE	FALSE	FALSE	FALSE	FALSE	FALSE	FALSE	FALSE	FALSE	FALSE	FALSE	FALSE	FALSE	FALSE	FALSE	TRUE	FALSE	FALSE
"https://www.indeed.com/viewjob?jk=a9443e161075db8d"	"Machine Learning Data Scientist"	"Wolverine Trading"	"10 reviews"	"29 days ago"	"character(0)"	"2018-10-15"	"Chicago%2C+IL"	40	TRUE	FALSE	FALSE	FALSE	FALSE	TRUE	FALSE	FALSE	FALSE	FALSE	FALSE	FALSE	TRUE	FALSE	TRUE	FALSE	FALSE	FALSE	FALSE	FALSE	FALSE	TRUE	TRUE	FALSE	FALSE	FALSE	FALSE	FALSE	FALSE	FALSE	FALSE	FALSE	FALSE	FALSE
"https://www.indeed.com/viewjob?jk=6fcf6a81a73baab0"	"Data Analyst – Informatics"	"Tempus"	"18 reviews"	"21 days ago"	"character(0)"	"2018-10-15"	"Chicago%2C+IL"	40	FALSE	FALSE	FALSE	FALSE	FALSE	FALSE	FALSE	TRUE	FALSE	FALSE	FALSE	FALSE	FALSE	FALSE	FALSE	FALSE	FALSE	FALSE	FALSE	FALSE	FALSE	TRUE	FALSE	FALSE	FALSE	FALSE	FALSE	TRUE	FALSE	FALSE	FALSE	TRUE	FALSE	FALSE
"https://www.indeed.com/viewjob?jk=47f0ea8ef308e82c"	"Health Care Data Analyst"	"NORC at the University of Chicago"	"388 reviews"	"17 days ago"	"character(0)"	"2018-10-15"	"Chicago%2C+IL"	50	TRUE	FALSE	FALSE	TRUE	FALSE	FALSE	TRUE	FALSE	FALSE	FALSE	FALSE	TRUE	FALSE	FALSE	TRUE	FALSE	FALSE	FALSE	FALSE	FALSE	FALSE	FALSE	FALSE	FALSE	FALSE	FALSE	FALSE	FALSE	FALSE	FALSE	FALSE	FALSE	FALSE	FALSE
"https://www.indeed.com/viewjob?jk=a41b96c5ef94b16c"	"Data Scientist II"	"Zurich North America"	"684 reviews"	"24 days ago"	"character(0)"	"2018-10-15"	"Chicago%2C+IL"	50	TRUE	FALSE	FALSE	TRUE	FALSE	TRUE	TRUE	FALSE	FALSE	FALSE	FALSE	TRUE	FALSE	FALSE	TRUE	FALSE	FALSE	FALSE	FALSE	FALSE	FALSE	TRUE	FALSE	TRUE	FALSE	FALSE	FALSE	FALSE	FALSE	TRUE	TRUE	TRUE	FALSE	FALSE
"https://www.indeed.com/viewjob?jk=8b1d190f4536fa9f"	"SAP Machine Learning Consultant / Data Scientist - Chicago, Newtown Square, or Palo Alto"	"SAP"	"1,745 reviews"	"18 days ago"	"character(0)"	"2018-10-15"	"Chicago%2C+IL"	50	FALSE	FALSE	FALSE	TRUE	FALSE	FALSE	TRUE	FALSE	TRUE	TRUE	FALSE	FALSE	FALSE	FALSE	FALSE	FALSE	FALSE	FALSE	FALSE	FALSE	FALSE	FALSE	FALSE	FALSE	FALSE	FALSE	FALSE	FALSE	FALSE	FALSE	FALSE	FALSE	FALSE	FALSE
"https://www.indeed.com/viewjob?jk=e9ccb8c1fdf5c84a"	"Data Scientist / Quantitative Researcher, Systematic Trading"	"DRW"	"-"	"10 days ago"	"character(0)"	"2018-10-15"	"Chicago%2C+IL"	50	TRUE	FALSE	FALSE	FALSE	FALSE	FALSE	FALSE	FALSE	FALSE	FALSE	FALSE	FALSE	FALSE	FALSE	FALSE	FALSE	FALSE	FALSE	FALSE	FALSE	TRUE	FALSE	FALSE	FALSE	FALSE	FALSE	FALSE	FALSE	FALSE	FALSE	FALSE	FALSE	FALSE	FALSE
"https://www.indeed.com/viewjob?jk=f0b9ee3133a74b70"	"District Data Scientist"	"Cicero Public School District 99"	"-"	"24 days ago"	"character(0)"	"2018-10-15"	"Chicago%2C+IL"	50	FALSE	FALSE	FALSE	FALSE	FALSE	FALSE	FALSE	FALSE	FALSE	FALSE	FALSE	FALSE	FALSE	FALSE	FALSE	FALSE	FALSE	FALSE	FALSE	FALSE	FALSE	FALSE	FALSE	FALSE	FALSE	FALSE	FALSE	FALSE	FALSE	FALSE	FALSE	FALSE	FALSE	FALSE
"https://www.indeed.com/viewjob?jk=f6fb9d04cfd11074"	"Senior Data Scientist (Anomaly Detection)"	"Uptake"	"6 reviews"	"27 days ago"	"character(0)"	"2018-10-15"	"Chicago%2C+IL"	60	FALSE	FALSE	FALSE	FALSE	FALSE	FALSE	FALSE	TRUE	FALSE	FALSE	FALSE	FALSE	FALSE	FALSE	FALSE	TRUE	FALSE	FALSE	FALSE	FALSE	FALSE	TRUE	TRUE	FALSE	TRUE	TRUE	TRUE	FALSE	TRUE	FALSE	FALSE	FALSE	FALSE	FALSE
"https://www.indeed.com/viewjob?jk=48ab97eb7cb0acba"	"Data Analyst"	"FastModel Sports"	"-"	"26 days ago"	"character(0)"	"2018-10-15"	"Chicago%2C+IL"	60	FALSE	FALSE	FALSE	TRUE	FALSE	FALSE	FALSE	FALSE	FALSE	FALSE	FALSE	TRUE	FALSE	FALSE	FALSE	TRUE	FALSE	FALSE	FALSE	FALSE	FALSE	TRUE	FALSE	FALSE	TRUE	FALSE	TRUE	TRUE	FALSE	FALSE	FALSE	TRUE	FALSE	FALSE
"https://www.indeed.com/viewjob?jk=04604980d3d25378"	"Data Scientist"	"Selby Jennings"	"-"	"11 days ago"	"character(0)"	"2018-10-15"	"Chicago%2C+IL"	60	FALSE	FALSE	FALSE	FALSE	FALSE	FALSE	FALSE	FALSE	FALSE	FALSE	FALSE	TRUE	FALSE	FALSE	FALSE	TRUE	FALSE	FALSE	FALSE	FALSE	FALSE	TRUE	TRUE	FALSE	FALSE	FALSE	FALSE	FALSE	FALSE	FALSE	FALSE	FALSE	FALSE	FALSE
"https://www.indeed.com/viewjob?jk=feafd916cfb43263"	"Lead Data Scientist with Python"	"Inficare Technologies"	"-"	"6 days ago"	"Contract"	"2018-10-15"	"Chicago%2C+IL"	70	FALSE	FALSE	FALSE	FALSE	FALSE	FALSE	FALSE	FALSE	FALSE	FALSE	FALSE	FALSE	FALSE	FALSE	FALSE	FALSE	FALSE	FALSE	FALSE	FALSE	FALSE	TRUE	FALSE	FALSE	FALSE	FALSE	FALSE	FALSE	FALSE	FALSE	FALSE	TRUE	TRUE	FALSE
"https://www.indeed.com/viewjob?jk=a0bca1dae233e82d"	"Associate, Data Scientist"	"KPMG"	"4,716 reviews"	"2 days ago"	"character(0)"	"2018-10-15"	"Chicago%2C+IL"	70	TRUE	FALSE	FALSE	TRUE	FALSE	TRUE	FALSE	FALSE	TRUE	FALSE	FALSE	TRUE	FALSE	FALSE	TRUE	FALSE	FALSE	FALSE	FALSE	FALSE	FALSE	TRUE	FALSE	TRUE	TRUE	FALSE	FALSE	TRUE	FALSE	FALSE	FALSE	FALSE	TRUE	FALSE
"https://www.indeed.com/viewjob?jk=224e47e18681205a"	"Research Analyst - Part-Time"	"Office of the Chief Judge, Circuit Court of Cook County, Illinois"	"-"	"3 days ago"	"c(\$31.96 an hour\, \Part-time, Temporary\)"	"2018-10-15"	"Chicago%2C+IL"	70	FALSE	FALSE	FALSE	FALSE	FALSE	FALSE	FALSE	FALSE	FALSE	FALSE	FALSE	FALSE	FALSE	FALSE	FALSE	FALSE	FALSE	FALSE	FALSE	FALSE	FALSE	FALSE	FALSE	FALSE	FALSE	FALSE	FALSE	FALSE	FALSE	FALSE	FALSE	FALSE	FALSE	FALSE
"https://www.indeed.com/viewjob?jk=5425f714db51ddbf"	"Data Scientist - Senior Associate"	"PwC"	"5,942 reviews"	"4 days ago"	"character(0)"	"2018-10-15"	"Chicago%2C+IL"	70	FALSE	FALSE	FALSE	TRUE	FALSE	TRUE	FALSE	FALSE	FALSE	FALSE	FALSE	TRUE	FALSE	FALSE	FALSE	FALSE	FALSE	FALSE	FALSE	FALSE	FALSE	FALSE	FALSE	FALSE	FALSE	FALSE	FALSE	FALSE	FALSE	FALSE	FALSE	FALSE	FALSE	FALSE
"https://www.indeed.com/viewjob?jk=d82a3cb817286bff"	"Senior Data Scientist"	"Kemper Corporation"	"231 reviews"	"10 days ago"	"character(0)"	"2018-10-15"	"Chicago%2C+IL"	70	TRUE	FALSE	FALSE	FALSE	FALSE	FALSE	TRUE	FALSE	FALSE	FALSE	FALSE	TRUE	FALSE	FALSE	FALSE	FALSE	FALSE	FALSE	FALSE	FALSE	FALSE	TRUE	FALSE	FALSE	FALSE	FALSE	TRUE	FALSE	FALSE	FALSE	FALSE	FALSE	FALSE	FALSE
"https://www.indeed.com/viewjob?jk=8ec0add8eac6ccf6"	"Data Analyst"	"NCSA - Next College Student Athlete"	"2 reviews"	"26 days ago"	"character(0)"	"2018-10-15"	"Chicago%2C+IL"	70	FALSE	FALSE	FALSE	FALSE	FALSE	FALSE	FALSE	FALSE	FALSE	FALSE	FALSE	FALSE	FALSE	FALSE	FALSE	FALSE	FALSE	FALSE	FALSE	FALSE	FALSE	TRUE	FALSE	FALSE	FALSE	FALSE	TRUE	TRUE	FALSE	FALSE	FALSE	TRUE	FALSE	FALSE
"https://www.indeed.com/viewjob?jk=63e996f1dea7c874"	"Data Scientist, Payformance Solutions (Temporary)"	"Altarum"	"23 reviews"	"10 days ago"	"Temporary"	"2018-10-15"	"Chicago%2C+IL"	70	FALSE	TRUE	FALSE	FALSE	FALSE	FALSE	FALSE	FALSE	FALSE	FALSE	FALSE	FALSE	FALSE	FALSE	FALSE	FALSE	FALSE	FALSE	FALSE	FALSE	FALSE	TRUE	FALSE	TRUE	TRUE	FALSE	FALSE	FALSE	FALSE	FALSE	FALSE	TRUE	FALSE	FALSE
"https://www.indeed.com/viewjob?jk=7ec9b3f4d09df790"	"Data Scientist"	"Robert Walters"	"48 reviews"	"28 days ago"	"$110,000 - $130,000 a year"	"2018-10-15"	"Chicago%2C+IL"	80	FALSE	FALSE	FALSE	FALSE	FALSE	FALSE	FALSE	FALSE	FALSE	FALSE	FALSE	FALSE	FALSE	FALSE	FALSE	TRUE	FALSE	FALSE	FALSE	FALSE	FALSE	TRUE	TRUE	FALSE	TRUE	FALSE	FALSE	FALSE	FALSE	TRUE	FALSE	TRUE	FALSE	FALSE
"https://www.indeed.com/viewjob?jk=dbc81262ed169600"	"Sr Data Scientist"	"HERE Technologies"	"206 reviews"	"26 days ago"	"character(0)"	"2018-10-15"	"Chicago%2C+IL"	80	TRUE	FALSE	FALSE	FALSE	FALSE	FALSE	FALSE	FALSE	FALSE	FALSE	FALSE	TRUE	FALSE	FALSE	FALSE	TRUE	FALSE	FALSE	FALSE	FALSE	FALSE	TRUE	TRUE	TRUE	TRUE	FALSE	TRUE	FALSE	FALSE	TRUE	FALSE	TRUE	TRUE	FALSE
"https://www.indeed.com/viewjob?jk=8cb46c80b1faf391"	"Data Scientist"	"Porcaro Stolarek Mete Partners LLC"	"-"	"14 days ago"	"$120,000 a year"	"2018-10-15"	"Chicago%2C+IL"	80	TRUE	FALSE	FALSE	FALSE	FALSE	FALSE	FALSE	FALSE	FALSE	FALSE	FALSE	FALSE	FALSE	FALSE	FALSE	FALSE	FALSE	FALSE	FALSE	FALSE	FALSE	TRUE	FALSE	TRUE	FALSE	TRUE	TRUE	FALSE	FALSE	FALSE	FALSE	FALSE	TRUE	FALSE
"https://www.indeed.com/viewjob?jk=20bf181fc33fbb7e"	"Machine Learning Expert (Intelligent Algorithms / Big Data / TensorFlow)"	"JP Morgan Chase"	"21,009 reviews"	"11 days ago"	"character(0)"	"2018-10-15"	"Chicago%2C+IL"	80	FALSE	FALSE	FALSE	FALSE	FALSE	FALSE	TRUE	FALSE	FALSE	FALSE	FALSE	FALSE	FALSE	FALSE	FALSE	FALSE	FALSE	FALSE	FALSE	FALSE	FALSE	FALSE	FALSE	FALSE	FALSE	FALSE	FALSE	FALSE	FALSE	FALSE	FALSE	FALSE	TRUE	FALSE
"https://www.indeed.com/viewjob?jk=c6b046e569df3ffc"	"Senior Data Scientist"	"NORC at the University of Chicago"	"388 reviews"	"26 days ago"	"character(0)"	"2018-10-15"	"Chicago%2C+IL"	80	TRUE	FALSE	FALSE	TRUE	FALSE	TRUE	FALSE	FALSE	FALSE	FALSE	FALSE	TRUE	FALSE	FALSE	TRUE	FALSE	FALSE	FALSE	FALSE	FALSE	FALSE	TRUE	FALSE	FALSE	FALSE	FALSE	FALSE	FALSE	FALSE	FALSE	FALSE	FALSE	FALSE	FALSE
"https://www.indeed.com/viewjob?jk=9c2bde4499d6a427"	"Sr Data Scientist"	"Conagra Brands"	"1,267 reviews"	"13 days ago"	"character(0)"	"2018-10-15"	"Chicago%2C+IL"	90	TRUE	FALSE	FALSE	TRUE	FALSE	TRUE	FALSE	FALSE	FALSE	FALSE	FALSE	TRUE	FALSE	FALSE	FALSE	FALSE	FALSE	FALSE	FALSE	FALSE	FALSE	TRUE	FALSE	FALSE	FALSE	FALSE	FALSE	FALSE	FALSE	FALSE	FALSE	TRUE	TRUE	FALSE
"https://www.indeed.com/viewjob?jk=478ad22c708f16d8"	"Data Analytics Associate"	"Bosch Group"	"3,485 reviews"	"4 days ago"	"character(0)"	"2018-10-15"	"Chicago%2C+IL"	90	TRUE	FALSE	FALSE	FALSE	FALSE	TRUE	FALSE	FALSE	FALSE	FALSE	FALSE	TRUE	FALSE	FALSE	FALSE	FALSE	FALSE	FALSE	FALSE	FALSE	FALSE	TRUE	FALSE	FALSE	FALSE	FALSE	FALSE	FALSE	FALSE	FALSE	FALSE	TRUE	FALSE	FALSE
"https://www.indeed.com/viewjob?jk=8d900ebf35ea45e9"	"Computational Social Scientist"	"Gallup"	"152 reviews"	"1 day ago"	"character(0)"	"2018-10-15"	"Chicago%2C+IL"	90	FALSE	FALSE	FALSE	FALSE	FALSE	FALSE	FALSE	FALSE	TRUE	FALSE	FALSE	TRUE	FALSE	FALSE	FALSE	TRUE	FALSE	FALSE	FALSE	FALSE	FALSE	TRUE	FALSE	FALSE	FALSE	FALSE	FALSE	FALSE	FALSE	FALSE	FALSE	FALSE	FALSE	FALSE
"https://www.indeed.com/viewjob?jk=f06825e5dd57a3e2"	"Data Scientist"	"Nielsen"	"2,023 reviews"	"23 days ago"	"character(0)"	"2018-10-15"	"Chicago%2C+IL"	90	TRUE	FALSE	FALSE	TRUE	FALSE	TRUE	FALSE	FALSE	FALSE	FALSE	FALSE	TRUE	TRUE	FALSE	FALSE	FALSE	FALSE	FALSE	FALSE	FALSE	FALSE	TRUE	TRUE	FALSE	TRUE	FALSE	FALSE	FALSE	FALSE	FALSE	FALSE	TRUE	TRUE	FALSE
"https://www.indeed.com/viewjob?jk=e3d8d7fd1e8e1985"	"Data Scientist (Deep Learning)"	"Workbridge Associates"	"40 reviews"	"20 days ago"	"c(\$80,000 - $120,000 a year\, \Contract\)"	"2018-10-15"	"Chicago%2C+IL"	90	FALSE	FALSE	FALSE	FALSE	FALSE	FALSE	FALSE	FALSE	FALSE	FALSE	FALSE	TRUE	FALSE	FALSE	FALSE	FALSE	FALSE	FALSE	FALSE	FALSE	FALSE	TRUE	FALSE	FALSE	FALSE	FALSE	FALSE	FALSE	FALSE	FALSE	FALSE	FALSE	FALSE	FALSE
"https://www.indeed.com/viewjob?jk=da7b4af2b12400e7"	"Research Data Analyst"	"Northwestern University"	"334 reviews"	"3 days ago"	"character(0)"	"2018-10-15"	"Chicago%2C+IL"	90	FALSE	TRUE	FALSE	TRUE	FALSE	TRUE	FALSE	FALSE	FALSE	FALSE	FALSE	FALSE	FALSE	FALSE	FALSE	FALSE	FALSE	FALSE	FALSE	FALSE	FALSE	FALSE	FALSE	FALSE	FALSE	FALSE	FALSE	FALSE	FALSE	FALSE	FALSE	TRUE	FALSE	FALSE
"https://www.indeed.com/viewjob?jk=829236428e504ceb"	"Warehouse Associate - Retail"	"Event Network"	"109 reviews"	"27 days ago"	"Part-time, Temporary"	"2018-10-15"	"Chicago%2C+IL"	90	TRUE	TRUE	FALSE	FALSE	TRUE	FALSE	FALSE	FALSE	TRUE	FALSE	FALSE	FALSE	FALSE	FALSE	FALSE	FALSE	FALSE	FALSE	FALSE	FALSE	FALSE	FALSE	FALSE	FALSE	FALSE	FALSE	FALSE	FALSE	FALSE	FALSE	FALSE	FALSE	FALSE	FALSE
"https://www.indeed.com/viewjob?jk=aea9fe0330576ef8"	"Data Scientist"	"Fora Financial LLC"	"20 reviews"	"27 days ago"	"character(0)"	"2018-10-15"	"New+York%2C+NY"	0	TRUE	FALSE	FALSE	TRUE	FALSE	TRUE	FALSE	FALSE	FALSE	FALSE	FALSE	TRUE	FALSE	FALSE	FALSE	FALSE	FALSE	FALSE	FALSE	FALSE	FALSE	TRUE	FALSE	FALSE	FALSE	FALSE	FALSE	FALSE	FALSE	FALSE	FALSE	TRUE	FALSE	FALSE
"https://www.indeed.com/viewjob?jk=0f28dc0aafb427e0"	"Data Scientist"	"National Debt Relief"	"99 reviews"	"24 days ago"	"character(0)"	"2018-10-15"	"New+York%2C+NY"	0	FALSE	FALSE	FALSE	TRUE	FALSE	TRUE	TRUE	TRUE	FALSE	FALSE	FALSE	TRUE	FALSE	FALSE	TRUE	FALSE	FALSE	FALSE	FALSE	FALSE	FALSE	TRUE	FALSE	FALSE	FALSE	FALSE	FALSE	FALSE	FALSE	FALSE	FALSE	TRUE	FALSE	FALSE
"https://www.indeed.com/viewjob?jk=ff5e722fe93fc117"	"Replenishment Manager"	"Macy's"	"26,656 reviews"	"23 days ago"	"character(0)"	"2018-10-15"	"New+York%2C+NY"	0	TRUE	FALSE	FALSE	FALSE	FALSE	FALSE	FALSE	FALSE	FALSE	FALSE	FALSE	FALSE	FALSE	FALSE	FALSE	FALSE	FALSE	FALSE	FALSE	FALSE	FALSE	FALSE	FALSE	FALSE	FALSE	FALSE	FALSE	FALSE	FALSE	FALSE	FALSE	TRUE	FALSE	FALSE
"https://www.indeed.com/viewjob?jk=761eb2ae63b51480"	"Data Scientist"	"Biz2Credit Inc."	"-"	"19 days ago"	"$50,000 - $65,000 a year"	"2018-10-15"	"New+York%2C+NY"	0	FALSE	FALSE	FALSE	FALSE	FALSE	FALSE	TRUE	FALSE	FALSE	FALSE	FALSE	TRUE	TRUE	FALSE	FALSE	TRUE	FALSE	FALSE	FALSE	FALSE	FALSE	FALSE	TRUE	FALSE	FALSE	FALSE	FALSE	FALSE	FALSE	FALSE	FALSE	FALSE	FALSE	FALSE
"https://www.indeed.com/viewjob?jk=174e67a4198c98d9"	"c(\Data Scientist\, \Overview\, \\nResponsibilities\, \Qualifications\, \Benefits\, \\nAbout Dirty Lemon\)"	"Dirty Lemon Beverages"	"-"	"3 days ago"	"character(0)"	"2018-10-15"	"New+York%2C+NY"	0	FALSE	FALSE	FALSE	FALSE	FALSE	FALSE	FALSE	FALSE	FALSE	FALSE	FALSE	FALSE	FALSE	FALSE	FALSE	FALSE	FALSE	FALSE	FALSE	FALSE	FALSE	TRUE	FALSE	FALSE	FALSE	FALSE	FALSE	FALSE	FALSE	FALSE	FALSE	TRUE	FALSE	FALSE
"https://www.indeed.com/viewjob?jk=40aff5a2fa8c5b25"	"Data Scientist"	"Ollie"	"-"	"12 days ago"	"character(0)"	"2018-10-15"	"New+York%2C+NY"	0	FALSE	FALSE	FALSE	FALSE	FALSE	FALSE	FALSE	FALSE	FALSE	FALSE	FALSE	FALSE	FALSE	FALSE	FALSE	TRUE	FALSE	FALSE	FALSE	FALSE	FALSE	TRUE	TRUE	FALSE	FALSE	FALSE	FALSE	FALSE	FALSE	FALSE	FALSE	TRUE	FALSE	FALSE
"https://www.indeed.com/viewjob?jk=df5d102963fa0151"	"Junior Data Scientist"	"Interactive Brokers"	"27 reviews"	"26 days ago"	"character(0)"	"2018-10-15"	"New+York%2C+NY"	10	FALSE	FALSE	FALSE	TRUE	FALSE	TRUE	FALSE	TRUE	FALSE	FALSE	FALSE	FALSE	FALSE	FALSE	FALSE	FALSE	FALSE	FALSE	FALSE	FALSE	FALSE	FALSE	FALSE	FALSE	FALSE	FALSE	TRUE	FALSE	FALSE	FALSE	FALSE	FALSE	FALSE	FALSE
"https://www.indeed.com/viewjob?jk=53d760b7b8278adc"	"Senior Data Scientist"	"Octane Lending"	"-"	"10 days ago"	"$140,000 - $180,000 a year"	"2018-10-15"	"New+York%2C+NY"	10	TRUE	FALSE	FALSE	FALSE	FALSE	TRUE	FALSE	FALSE	FALSE	FALSE	FALSE	TRUE	FALSE	FALSE	FALSE	TRUE	FALSE	FALSE	FALSE	FALSE	TRUE	TRUE	FALSE	FALSE	FALSE	FALSE	FALSE	FALSE	FALSE	FALSE	FALSE	TRUE	FALSE	FALSE
"https://www.indeed.com/viewjob?jk=291e4f993f99e999"	"c(\Data Scientist\, \WITHIN 30 DAYS, YOU WILL:\, \WITHIN 60 DAYS, YOU WILL:\, \WITHIN 90 DAYS, YOU WILL:\, \WHAT YOULL NEED TO BE SUCCESSFUL IN THIS ROLE:\\", \\"WHAT YOULL GET FROM US:\)"	"HotelTonight"	"6 reviews"	"19 days ago"	"$94,000 - $138,000 a year (Indeed Est.) "	"2018-10-15"	"New+York%2C+NY"	10	FALSE	FALSE	FALSE	FALSE	FALSE	FALSE	FALSE	TRUE	FALSE	FALSE	FALSE	FALSE	FALSE	FALSE	FALSE	FALSE	FALSE	FALSE	FALSE	FALSE	FALSE	TRUE	TRUE	FALSE	TRUE	FALSE	FALSE	FALSE	TRUE	FALSE	FALSE	TRUE	FALSE	FALSE
"https://www.indeed.com/viewjob?jk=768d52de1235cc75"	"Data Scientist"	"Northwell Health"	"888 reviews"	"6 days ago"	"character(0)"	"2018-10-15"	"New+York%2C+NY"	10	FALSE	FALSE	FALSE	FALSE	TRUE	FALSE	FALSE	FALSE	FALSE	FALSE	FALSE	TRUE	TRUE	FALSE	FALSE	FALSE	FALSE	FALSE	FALSE	FALSE	FALSE	TRUE	FALSE	FALSE	FALSE	FALSE	FALSE	FALSE	FALSE	FALSE	FALSE	TRUE	FALSE	FALSE
"https://www.indeed.com/viewjob?jk=9e0a92dbc518508e"	"Data Scientist"	"Qloo"	"-"	"6 days ago"	"Other"	"2018-10-15"	"New+York%2C+NY"	10	FALSE	FALSE	FALSE	FALSE	FALSE	FALSE	FALSE	FALSE	FALSE	FALSE	FALSE	FALSE	FALSE	FALSE	FALSE	TRUE	FALSE	FALSE	FALSE	FALSE	FALSE	FALSE	FALSE	FALSE	TRUE	FALSE	FALSE	FALSE	FALSE	FALSE	FALSE	FALSE	FALSE	FALSE
"https://www.indeed.com/viewjob?jk=02d9d47dd94e3997"	"PMC: Data Scientist"	"Penske Media Corp."	"3 reviews"	"15 days ago"	"character(0)"	"2018-10-15"	"New+York%2C+NY"	10	FALSE	FALSE	FALSE	FALSE	FALSE	FALSE	FALSE	FALSE	FALSE	FALSE	FALSE	TRUE	FALSE	FALSE	FALSE	FALSE	FALSE	FALSE	FALSE	FALSE	FALSE	TRUE	FALSE	TRUE	FALSE	FALSE	FALSE	TRUE	TRUE	TRUE	FALSE	TRUE	FALSE	FALSE
"https://www.indeed.com/viewjob?jk=0f91e3748f34b3e9"	"Data Scientist"	"7Park Data"	"-"	"13 days ago"	"character(0)"	"2018-10-15"	"New+York%2C+NY"	100	FALSE	FALSE	FALSE	TRUE	FALSE	TRUE	FALSE	FALSE	FALSE	FALSE	FALSE	TRUE	FALSE	FALSE	FALSE	FALSE	FALSE	FALSE	FALSE	FALSE	FALSE	TRUE	FALSE	FALSE	TRUE	FALSE	FALSE	FALSE	FALSE	FALSE	FALSE	FALSE	FALSE	FALSE
"https://www.indeed.com/viewjob?jk=3a0c2f8e503c60d5"	"Data Scientist Analyst"	"Aetna"	"3,609 reviews"	"19 days ago"	"character(0)"	"2018-10-15"	"New+York%2C+NY"	100	FALSE	FALSE	FALSE	TRUE	FALSE	TRUE	FALSE	FALSE	FALSE	FALSE	FALSE	TRUE	FALSE	FALSE	FALSE	FALSE	FALSE	FALSE	FALSE	FALSE	FALSE	TRUE	TRUE	TRUE	FALSE	FALSE	FALSE	FALSE	FALSE	TRUE	FALSE	FALSE	FALSE	FALSE
"https://www.indeed.com/viewjob?jk=b35c3f465a2371bc"	"Research Data Scientist"	"RBC"	"2,880 reviews"	"20 days ago"	"c(\$89,000 - $131,000 a year (Indeed Est.) \, \Part-time\)"	"2018-10-15"	"New+York%2C+NY"	100	FALSE	FALSE	FALSE	TRUE	FALSE	TRUE	FALSE	FALSE	FALSE	FALSE	FALSE	FALSE	FALSE	FALSE	FALSE	FALSE	FALSE	FALSE	FALSE	FALSE	FALSE	TRUE	FALSE	TRUE	TRUE	FALSE	TRUE	FALSE	FALSE	TRUE	TRUE	TRUE	TRUE	TRUE
"https://www.indeed.com/viewjob?jk=b40932caa9504d5c"	"c(\Data Scientist\, \Position Summary\, \\nRequired Skills\)"	"Bank of America"	"22,687 reviews"	"30 days ago"	"character(0)"	"2018-10-15"	"New+York%2C+NY"	20	FALSE	FALSE	FALSE	FALSE	FALSE	FALSE	FALSE	FALSE	FALSE	FALSE	FALSE	FALSE	FALSE	FALSE	FALSE	FALSE	FALSE	FALSE	FALSE	FALSE	FALSE	FALSE	FALSE	FALSE	FALSE	FALSE	FALSE	FALSE	FALSE	FALSE	FALSE	FALSE	FALSE	FALSE
"https://www.indeed.com/viewjob?jk=892632a452507bd1"	"Data Scientist - Hedge Fund - Manhattan & Stanford CT"	"Asset Management Specialists"	"36 reviews"	"5 days ago"	"Contract"	"2018-10-15"	"New+York%2C+NY"	20	TRUE	FALSE	FALSE	FALSE	FALSE	FALSE	FALSE	FALSE	FALSE	FALSE	FALSE	FALSE	FALSE	FALSE	FALSE	TRUE	FALSE	FALSE	FALSE	FALSE	FALSE	TRUE	TRUE	FALSE	FALSE	FALSE	FALSE	FALSE	FALSE	FALSE	FALSE	TRUE	TRUE	FALSE
"https://www.indeed.com/viewjob?jk=d70028303293300c"	"Data Scientist"	"MediQuire"	"-"	"12 days ago"	"character(0)"	"2018-10-15"	"New+York%2C+NY"	20	FALSE	FALSE	FALSE	FALSE	FALSE	FALSE	FALSE	FALSE	FALSE	FALSE	FALSE	TRUE	FALSE	FALSE	FALSE	FALSE	FALSE	FALSE	FALSE	FALSE	FALSE	TRUE	FALSE	FALSE	TRUE	FALSE	TRUE	FALSE	FALSE	FALSE	FALSE	FALSE	FALSE	FALSE
"https://www.indeed.com/viewjob?jk=5dc293b350df711a"	"Data Scientist"	"Guardian Life Insurance Company"	"427 reviews"	"1 day ago"	"character(0)"	"2018-10-15"	"New+York%2C+NY"	20	TRUE	FALSE	FALSE	FALSE	FALSE	TRUE	FALSE	FALSE	FALSE	FALSE	FALSE	TRUE	FALSE	FALSE	FALSE	FALSE	FALSE	FALSE	FALSE	FALSE	TRUE	TRUE	TRUE	TRUE	FALSE	FALSE	FALSE	FALSE	TRUE	FALSE	FALSE	TRUE	FALSE	FALSE
"https://www.indeed.com/viewjob?jk=d7680d678c00caf9"	"Junior Data Scientist/Quant Developer"	"Liquidnet"	"8 reviews"	"21 days ago"	"character(0)"	"2018-10-15"	"New+York%2C+NY"	20	TRUE	FALSE	FALSE	FALSE	FALSE	TRUE	FALSE	FALSE	FALSE	FALSE	FALSE	TRUE	FALSE	FALSE	FALSE	FALSE	FALSE	FALSE	FALSE	FALSE	FALSE	TRUE	FALSE	FALSE	FALSE	FALSE	TRUE	FALSE	FALSE	FALSE	FALSE	FALSE	TRUE	FALSE
"https://www.indeed.com/viewjob?jk=cdc3c520775dc86a"	"Summer Internship – Data Scientist"	"Lazard Ltd."	"36 reviews"	"4 days ago"	"Temporary, Internship"	"2018-10-15"	"New+York%2C+NY"	20	FALSE	FALSE	FALSE	FALSE	FALSE	TRUE	FALSE	FALSE	FALSE	FALSE	FALSE	FALSE	FALSE	FALSE	FALSE	TRUE	FALSE	FALSE	FALSE	FALSE	FALSE	TRUE	TRUE	FALSE	FALSE	FALSE	FALSE	FALSE	FALSE	FALSE	FALSE	FALSE	TRUE	FALSE
"https://www.indeed.com/viewjob?jk=971097592b89e235"	"Insights Data Scientist"	"Twitter"	"61 reviews"	"6 days ago"	"character(0)"	"2018-10-15"	"New+York%2C+NY"	20	TRUE	FALSE	FALSE	TRUE	FALSE	FALSE	FALSE	FALSE	FALSE	FALSE	FALSE	FALSE	FALSE	FALSE	FALSE	FALSE	FALSE	FALSE	FALSE	FALSE	FALSE	TRUE	TRUE	FALSE	TRUE	FALSE	FALSE	FALSE	FALSE	FALSE	FALSE	TRUE	FALSE	FALSE
"https://www.indeed.com/viewjob?jk=9f9d44c4a5661bc5"	"Data Scientist"	"qualifIQ"	"-"	"21 days ago"	"character(0)"	"2018-10-15"	"New+York%2C+NY"	20	FALSE	FALSE	FALSE	TRUE	FALSE	FALSE	FALSE	FALSE	FALSE	FALSE	FALSE	FALSE	FALSE	FALSE	TRUE	FALSE	FALSE	FALSE	FALSE	FALSE	FALSE	TRUE	FALSE	FALSE	FALSE	FALSE	FALSE	FALSE	FALSE	FALSE	FALSE	FALSE	TRUE	FALSE
"https://www.indeed.com/viewjob?jk=f53bce192ce48494"	"Data Scientist"	"Wade & Wendy"	"-"	"11 days ago"	"character(0)"	"2018-10-15"	"New+York%2C+NY"	20	FALSE	FALSE	FALSE	FALSE	FALSE	FALSE	FALSE	FALSE	FALSE	FALSE	FALSE	FALSE	FALSE	FALSE	FALSE	TRUE	FALSE	FALSE	FALSE	FALSE	FALSE	FALSE	FALSE	FALSE	FALSE	FALSE	FALSE	FALSE	FALSE	FALSE	FALSE	FALSE	FALSE	FALSE
"https://www.indeed.com/viewjob?jk=9f843e59bc267521"	"Machine Learning Engineer"	"Indeed Prime"	"-"	"11 days ago"	"character(0)"	"2018-10-15"	"New+York%2C+NY"	20	TRUE	FALSE	FALSE	FALSE	FALSE	FALSE	FALSE	FALSE	FALSE	FALSE	FALSE	FALSE	FALSE	FALSE	FALSE	FALSE	FALSE	FALSE	FALSE	FALSE	FALSE	FALSE	FALSE	FALSE	FALSE	FALSE	FALSE	FALSE	FALSE	FALSE	FALSE	FALSE	FALSE	FALSE
"https://www.indeed.com/viewjob?jk=d2b3bec6f8463a21"	"Data Scientist"	"Uphold"	"-"	"12 days ago"	"character(0)"	"2018-10-15"	"New+York%2C+NY"	30	FALSE	FALSE	FALSE	FALSE	FALSE	FALSE	FALSE	FALSE	FALSE	FALSE	FALSE	FALSE	FALSE	FALSE	TRUE	TRUE	FALSE	FALSE	FALSE	FALSE	FALSE	TRUE	TRUE	FALSE	FALSE	FALSE	FALSE	FALSE	FALSE	FALSE	FALSE	TRUE	FALSE	FALSE
"https://www.indeed.com/viewjob?jk=fd14edf527b2c142"	"Data Science Quant Developer | 2019 Grad"	"Liquidnet"	"8 reviews"	"18 days ago"	"character(0)"	"2018-10-15"	"New+York%2C+NY"	30	TRUE	FALSE	FALSE	FALSE	FALSE	TRUE	FALSE	FALSE	FALSE	FALSE	FALSE	TRUE	FALSE	FALSE	FALSE	FALSE	FALSE	FALSE	FALSE	FALSE	FALSE	TRUE	FALSE	FALSE	FALSE	FALSE	TRUE	FALSE	FALSE	FALSE	FALSE	FALSE	TRUE	FALSE
"https://www.indeed.com/viewjob?jk=8c2030a7f45d8a88"	"NLP Data Scientist"	"Wade & Wendy"	"-"	"18 days ago"	"character(0)"	"2018-10-15"	"New+York%2C+NY"	30	FALSE	FALSE	FALSE	FALSE	FALSE	FALSE	FALSE	FALSE	FALSE	FALSE	FALSE	FALSE	FALSE	FALSE	FALSE	TRUE	FALSE	FALSE	FALSE	FALSE	FALSE	FALSE	FALSE	FALSE	FALSE	FALSE	FALSE	FALSE	FALSE	FALSE	FALSE	FALSE	FALSE	FALSE
"https://www.indeed.com/viewjob?jk=f922c2652f183d82"	"Data Scientist, Analytics"	"Facebook"	"383 reviews"	"2 days ago"	"$120,000 - $152,000 a year (Indeed Est.) "	"2018-10-15"	"New+York%2C+NY"	30	FALSE	FALSE	FALSE	TRUE	FALSE	FALSE	FALSE	FALSE	FALSE	FALSE	FALSE	TRUE	FALSE	FALSE	TRUE	FALSE	FALSE	FALSE	FALSE	FALSE	FALSE	TRUE	FALSE	TRUE	FALSE	FALSE	FALSE	FALSE	FALSE	TRUE	FALSE	TRUE	FALSE	FALSE
"https://www.indeed.com/viewjob?jk=aebc199a34f254bb"	"Quantitative Data Scientist"	"Bank of America"	"22,687 reviews"	"19 days ago"	"character(0)"	"2018-10-15"	"New+York%2C+NY"	40	FALSE	FALSE	FALSE	FALSE	FALSE	TRUE	FALSE	FALSE	FALSE	FALSE	FALSE	TRUE	FALSE	FALSE	FALSE	TRUE	FALSE	FALSE	FALSE	FALSE	FALSE	FALSE	FALSE	FALSE	FALSE	FALSE	FALSE	FALSE	FALSE	FALSE	FALSE	FALSE	FALSE	FALSE
"https://www.indeed.com/viewjob?jk=39fba3ef2be8e05a"	"Data Scientist"	"National Debt Relief"	"99 reviews"	"24 days ago"	"character(0)"	"2018-10-15"	"New+York%2C+NY"	40	FALSE	FALSE	FALSE	FALSE	FALSE	TRUE	TRUE	FALSE	FALSE	FALSE	FALSE	TRUE	FALSE	FALSE	FALSE	FALSE	FALSE	FALSE	FALSE	FALSE	FALSE	FALSE	TRUE	FALSE	FALSE	FALSE	FALSE	FALSE	FALSE	FALSE	FALSE	TRUE	FALSE	FALSE
"https://www.indeed.com/viewjob?jk=39b7606dbfd10554"	"US Data Scientist, Pet Nutrition - Mars Petcare"	"Mars"	"1,054 reviews"	"24 days ago"	"character(0)"	"2018-10-15"	"New+York%2C+NY"	40	FALSE	FALSE	FALSE	FALSE	FALSE	TRUE	FALSE	TRUE	FALSE	FALSE	FALSE	TRUE	FALSE	FALSE	FALSE	FALSE	FALSE	FALSE	FALSE	FALSE	FALSE	TRUE	TRUE	FALSE	FALSE	FALSE	FALSE	FALSE	FALSE	FALSE	FALSE	TRUE	FALSE	FALSE
"https://www.indeed.com/viewjob?jk=dea3c27ecd2fdb04"	"Data Scientist - Investment Bank"	"UBS"	"1,632 reviews"	"6 days ago"	"character(0)"	"2018-10-15"	"New+York%2C+NY"	40	TRUE	FALSE	FALSE	FALSE	FALSE	TRUE	FALSE	FALSE	FALSE	FALSE	FALSE	TRUE	FALSE	FALSE	FALSE	FALSE	FALSE	FALSE	FALSE	FALSE	FALSE	TRUE	FALSE	TRUE	TRUE	FALSE	FALSE	FALSE	FALSE	FALSE	FALSE	FALSE	TRUE	FALSE
"https://www.indeed.com/viewjob?jk=629161e2ee9e891f"	"Associate Data Scientist"	"Viacom"	"479 reviews"	"25 days ago"	"character(0)"	"2018-10-15"	"New+York%2C+NY"	40	TRUE	FALSE	FALSE	TRUE	FALSE	TRUE	FALSE	FALSE	FALSE	FALSE	FALSE	TRUE	FALSE	FALSE	FALSE	FALSE	FALSE	FALSE	FALSE	FALSE	FALSE	TRUE	TRUE	FALSE	FALSE	FALSE	FALSE	FALSE	FALSE	FALSE	FALSE	TRUE	TRUE	FALSE
"https://www.indeed.com/viewjob?jk=2a7cc180db293153"	"Data Scientist"	"AdTheorent"	"-"	"12 days ago"	"character(0)"	"2018-10-15"	"New+York%2C+NY"	40	FALSE	FALSE	FALSE	TRUE	FALSE	FALSE	FALSE	FALSE	FALSE	FALSE	FALSE	FALSE	FALSE	FALSE	TRUE	FALSE	FALSE	FALSE	FALSE	FALSE	FALSE	TRUE	FALSE	TRUE	TRUE	FALSE	FALSE	FALSE	FALSE	FALSE	FALSE	TRUE	TRUE	FALSE
"https://www.indeed.com/viewjob?jk=76447e24b89ff297"	"DATA SCIENTIST / ANALYST"	"Tangent Data Services"	"-"	"12 days ago"	"character(0)"	"2018-10-15"	"New+York%2C+NY"	50	TRUE	FALSE	FALSE	FALSE	FALSE	FALSE	FALSE	FALSE	FALSE	FALSE	FALSE	FALSE	FALSE	FALSE	FALSE	FALSE	FALSE	FALSE	FALSE	FALSE	FALSE	FALSE	TRUE	FALSE	FALSE	FALSE	FALSE	FALSE	FALSE	FALSE	FALSE	TRUE	TRUE	FALSE
"https://www.indeed.com/viewjob?jk=3c81044651ae5de1"	"Data Analyst"	"Starry, Inc."	"-"	"5 days ago"	"character(0)"	"2018-10-15"	"New+York%2C+NY"	50	FALSE	FALSE	FALSE	FALSE	FALSE	FALSE	FALSE	FALSE	FALSE	FALSE	FALSE	FALSE	FALSE	FALSE	FALSE	TRUE	FALSE	FALSE	FALSE	FALSE	FALSE	TRUE	FALSE	FALSE	FALSE	FALSE	FALSE	FALSE	FALSE	FALSE	FALSE	TRUE	FALSE	FALSE
"https://www.indeed.com/viewjob?jk=422fa3f0843c11fa"	"Data Scientist"	"Verizon"	"21,013 reviews"	"5 days ago"	"character(0)"	"2018-10-15"	"New+York%2C+NY"	50	FALSE	FALSE	FALSE	FALSE	FALSE	FALSE	FALSE	TRUE	FALSE	FALSE	FALSE	TRUE	FALSE	FALSE	FALSE	FALSE	FALSE	FALSE	FALSE	FALSE	FALSE	TRUE	TRUE	FALSE	TRUE	FALSE	TRUE	FALSE	FALSE	TRUE	FALSE	TRUE	FALSE	FALSE
"https://www.indeed.com/viewjob?jk=6182fd3babe802cf"	"Data Scientist"	"Nacci"	"-"	"12 days ago"	"Part-time, Temporary"	"2018-10-15"	"New+York%2C+NY"	50	TRUE	FALSE	FALSE	TRUE	FALSE	FALSE	FALSE	FALSE	FALSE	FALSE	FALSE	TRUE	FALSE	FALSE	FALSE	TRUE	FALSE	FALSE	FALSE	FALSE	TRUE	TRUE	FALSE	TRUE	TRUE	TRUE	TRUE	TRUE	FALSE	FALSE	FALSE	FALSE	TRUE	FALSE
"https://www.indeed.com/viewjob?jk=6ec986ea957fb091"	"Data Analyst"	"Cota"	"66 reviews"	"5 days ago"	"character(0)"	"2018-10-15"	"New+York%2C+NY"	50	FALSE	FALSE	FALSE	FALSE	FALSE	FALSE	FALSE	FALSE	FALSE	FALSE	FALSE	FALSE	FALSE	FALSE	FALSE	TRUE	FALSE	FALSE	FALSE	FALSE	FALSE	TRUE	TRUE	FALSE	FALSE	FALSE	FALSE	FALSE	FALSE	FALSE	FALSE	TRUE	FALSE	FALSE
"https://www.indeed.com/viewjob?jk=cddbdc70a46df75d"	"2019 PhD Data Scientist Internship - UberEverything - New York"	"Uber"	"548 reviews"	"24 days ago"	"Internship"	"2018-10-15"	"New+York%2C+NY"	50	TRUE	FALSE	FALSE	FALSE	FALSE	FALSE	FALSE	FALSE	FALSE	FALSE	FALSE	FALSE	FALSE	FALSE	FALSE	TRUE	FALSE	FALSE	FALSE	FALSE	TRUE	TRUE	FALSE	FALSE	FALSE	FALSE	FALSE	FALSE	FALSE	FALSE	FALSE	TRUE	FALSE	FALSE
"https://www.indeed.com/viewjob?jk=b4506c2f62b989f2"	"Data Scientist"	"Ipsos North America"	"353 reviews"	"13 days ago"	"character(0)"	"2018-10-15"	"New+York%2C+NY"	60	TRUE	FALSE	FALSE	TRUE	FALSE	TRUE	FALSE	TRUE	FALSE	FALSE	FALSE	TRUE	FALSE	FALSE	FALSE	FALSE	FALSE	FALSE	FALSE	FALSE	FALSE	TRUE	FALSE	FALSE	FALSE	FALSE	TRUE	FALSE	FALSE	FALSE	FALSE	TRUE	FALSE	FALSE
"https://www.indeed.com/viewjob?jk=2ddc548ea3f366de"	"Google AI Resident, 2019 Start (Fixed-Term Employee)"	"Google"	"2,618 reviews"	"5 days ago"	"character(0)"	"2018-10-15"	"New+York%2C+NY"	60	FALSE	FALSE	FALSE	FALSE	FALSE	FALSE	FALSE	FALSE	FALSE	FALSE	FALSE	FALSE	FALSE	FALSE	FALSE	FALSE	FALSE	FALSE	FALSE	FALSE	FALSE	TRUE	FALSE	FALSE	FALSE	FALSE	FALSE	FALSE	FALSE	FALSE	FALSE	FALSE	FALSE	FALSE
"https://www.indeed.com/viewjob?jk=221ea7b5608dcacc"	"Data Scientist with Python"	"Kaiser Tech Inc"	"-"	"30 days ago"	"c(\$50 - $65 an hour\, \Contract\)"	"2018-10-15"	"New+York%2C+NY"	60	TRUE	FALSE	FALSE	TRUE	TRUE	TRUE	FALSE	FALSE	FALSE	FALSE	FALSE	FALSE	FALSE	FALSE	FALSE	FALSE	FALSE	FALSE	FALSE	FALSE	FALSE	TRUE	FALSE	TRUE	FALSE	FALSE	FALSE	FALSE	FALSE	FALSE	FALSE	FALSE	FALSE	FALSE
"https://www.indeed.com/viewjob?jk=ca63624044b46a19"	"Data Scientist"	"BARK"	"-"	"28 days ago"	"character(0)"	"2018-10-15"	"New+York%2C+NY"	70	TRUE	FALSE	FALSE	FALSE	TRUE	FALSE	TRUE	TRUE	FALSE	FALSE	FALSE	FALSE	FALSE	FALSE	FALSE	TRUE	FALSE	FALSE	FALSE	FALSE	FALSE	TRUE	FALSE	TRUE	TRUE	FALSE	FALSE	TRUE	FALSE	FALSE	FALSE	TRUE	TRUE	TRUE
"https://www.indeed.com/viewjob?jk=7b579db6e6c4411b"	"Data Scientist- Enterprise Product Analytics"	"App Info"	"-"	"16 days ago"	"Contract"	"2018-10-15"	"New+York%2C+NY"	70	TRUE	FALSE	FALSE	FALSE	FALSE	FALSE	FALSE	FALSE	FALSE	FALSE	FALSE	TRUE	FALSE	FALSE	FALSE	FALSE	FALSE	FALSE	FALSE	FALSE	FALSE	TRUE	FALSE	FALSE	FALSE	FALSE	FALSE	FALSE	FALSE	FALSE	FALSE	TRUE	FALSE	FALSE
"https://www.indeed.com/viewjob?jk=fa466e209c425917"	"Data Scientist"	"comScore"	"59 reviews"	"10 days ago"	"character(0)"	"2018-10-15"	"New+York%2C+NY"	80	TRUE	FALSE	FALSE	TRUE	FALSE	TRUE	FALSE	TRUE	FALSE	FALSE	FALSE	FALSE	FALSE	FALSE	TRUE	FALSE	FALSE	FALSE	FALSE	FALSE	FALSE	TRUE	TRUE	FALSE	FALSE	FALSE	FALSE	FALSE	FALSE	FALSE	FALSE	TRUE	FALSE	TRUE
"https://www.indeed.com/viewjob?jk=fbdba645073afe61"	"Data Scientist"	"Dataminr"	"3 reviews"	"14 days ago"	"character(0)"	"2018-10-15"	"New+York%2C+NY"	80	FALSE	FALSE	FALSE	FALSE	FALSE	FALSE	FALSE	FALSE	FALSE	FALSE	FALSE	FALSE	FALSE	FALSE	FALSE	TRUE	FALSE	FALSE	FALSE	FALSE	FALSE	TRUE	FALSE	TRUE	TRUE	FALSE	TRUE	FALSE	FALSE	FALSE	FALSE	FALSE	FALSE	FALSE
"https://www.indeed.com/viewjob?jk=9fa03724ada7224f"	"Data Scientist"	"Amazon.com"	"27,834 reviews"	"4 days ago"	"character(0)"	"2018-10-15"	"New+York%2C+NY"	90	FALSE	FALSE	FALSE	FALSE	FALSE	TRUE	TRUE	FALSE	FALSE	FALSE	FALSE	TRUE	FALSE	FALSE	FALSE	TRUE	FALSE	FALSE	FALSE	FALSE	FALSE	TRUE	FALSE	FALSE	TRUE	FALSE	FALSE	TRUE	FALSE	FALSE	FALSE	FALSE	FALSE	FALSE
"https://www.indeed.com/viewjob?jk=059d6d3b2a51049b"	"Marketing Data Scientist"	"qualifIQ"	"-"	"20 days ago"	"$120,000 - $150,000 a year"	"2018-10-15"	"New+York%2C+NY"	90	FALSE	FALSE	FALSE	TRUE	FALSE	TRUE	TRUE	TRUE	FALSE	FALSE	FALSE	TRUE	FALSE	FALSE	TRUE	FALSE	FALSE	FALSE	FALSE	FALSE	FALSE	TRUE	FALSE	FALSE	FALSE	FALSE	FALSE	FALSE	FALSE	FALSE	FALSE	TRUE	FALSE	FALSE
"https://www.indeed.com/viewjob?jk=33e190d31d75d842"	"VP, Data Science"	"Plated"	"36 reviews"	"5 days ago"	"character(0)"	"2018-10-15"	"New+York%2C+NY"	90	TRUE	FALSE	FALSE	TRUE	FALSE	FALSE	TRUE	FALSE	TRUE	FALSE	FALSE	TRUE	FALSE	FALSE	FALSE	FALSE	FALSE	FALSE	FALSE	FALSE	FALSE	TRUE	FALSE	FALSE	FALSE	FALSE	FALSE	FALSE	FALSE	FALSE	FALSE	TRUE	FALSE	FALSE
"https://www.indeed.com/viewjob?jk=6a7e8a96d22f9b7a"	"Data Scientist"	"PebblePost"	"-"	"20 days ago"	"character(0)"	"2018-10-15"	"New+York%2C+NY"	90	TRUE	FALSE	FALSE	TRUE	FALSE	FALSE	FALSE	FALSE	FALSE	FALSE	FALSE	TRUE	FALSE	FALSE	FALSE	TRUE	FALSE	FALSE	FALSE	FALSE	FALSE	TRUE	FALSE	TRUE	TRUE	FALSE	FALSE	TRUE	FALSE	TRUE	FALSE	TRUE	TRUE	FALSE
"https://www.indeed.com/viewjob?jk=3a095d977fcdb329"	"Data Scientist"	"Nielsen"	"2,023 reviews"	"3 days ago"	"character(0)"	"2018-10-15"	"New+York%2C+NY"	90	TRUE	FALSE	FALSE	FALSE	FALSE	TRUE	FALSE	FALSE	FALSE	TRUE	FALSE	TRUE	FALSE	FALSE	TRUE	FALSE	FALSE	FALSE	FALSE	FALSE	FALSE	TRUE	FALSE	FALSE	TRUE	FALSE	FALSE	FALSE	FALSE	FALSE	FALSE	TRUE	TRUE	FALSE
"https://www.indeed.com/viewjob?jk=97743c3af5f34967"	"Data Scientist"	"Oath Inc"	"33 reviews"	"8 days ago"	"character(0)"	"2018-10-15"	"New+York%2C+NY"	90	FALSE	FALSE	FALSE	FALSE	FALSE	FALSE	FALSE	TRUE	FALSE	FALSE	FALSE	TRUE	FALSE	FALSE	TRUE	FALSE	FALSE	FALSE	FALSE	FALSE	FALSE	TRUE	FALSE	FALSE	TRUE	FALSE	FALSE	FALSE	FALSE	FALSE	FALSE	TRUE	FALSE	FALSE
"https://www.indeed.com/viewjob?jk=45754869d697e448"	"Data Scientist"	"FlowCommand Inc."	"-"	"4 days ago"	"$80,000 - $140,000 a year"	"2018-10-15"	"San+Francisco%2C+CA"	0	TRUE	FALSE	FALSE	FALSE	FALSE	FALSE	FALSE	FALSE	FALSE	FALSE	FALSE	FALSE	FALSE	FALSE	FALSE	FALSE	FALSE	FALSE	FALSE	FALSE	FALSE	TRUE	FALSE	FALSE	FALSE	FALSE	FALSE	FALSE	FALSE	FALSE	FALSE	TRUE	FALSE	FALSE
"https://www.indeed.com/viewjob?jk=c9bdb952f06e70a5"	"Data Scientist, Product analytics"	"eBay Inc."	"1,505 reviews"	"2 days ago"	"character(0)"	"2018-10-15"	"San+Francisco%2C+CA"	0	FALSE	FALSE	FALSE	TRUE	FALSE	FALSE	TRUE	FALSE	FALSE	FALSE	FALSE	TRUE	FALSE	FALSE	FALSE	FALSE	FALSE	FALSE	FALSE	FALSE	FALSE	TRUE	FALSE	FALSE	FALSE	FALSE	FALSE	FALSE	FALSE	TRUE	FALSE	TRUE	FALSE	FALSE
"https://www.indeed.com/viewjob?jk=9faace4a54ccaf2f"	"Data Scientist - 1-800 Radiator"	"Driven Brands"	"34 reviews"	"11 days ago"	"character(0)"	"2018-10-15"	"San+Francisco%2C+CA"	0	FALSE	FALSE	FALSE	FALSE	FALSE	FALSE	FALSE	FALSE	FALSE	FALSE	FALSE	FALSE	FALSE	FALSE	FALSE	FALSE	FALSE	FALSE	FALSE	FALSE	FALSE	TRUE	FALSE	FALSE	FALSE	FALSE	FALSE	TRUE	FALSE	FALSE	FALSE	TRUE	FALSE	FALSE
"https://www.indeed.com/viewjob?jk=c5fe6c59c529d799"	"Data Scientist - Inventory Forecasting and Health"	"Stitch Fix"	"157 reviews"	"2 days ago"	"character(0)"	"2018-10-15"	"San+Francisco%2C+CA"	0	TRUE	FALSE	FALSE	TRUE	FALSE	FALSE	TRUE	FALSE	FALSE	FALSE	FALSE	FALSE	FALSE	FALSE	FALSE	TRUE	FALSE	FALSE	FALSE	FALSE	FALSE	FALSE	FALSE	FALSE	FALSE	FALSE	FALSE	FALSE	FALSE	FALSE	FALSE	FALSE	FALSE	FALSE
"https://www.indeed.com/viewjob?jk=46fef72a8a5ad160"	"Remote Data Scientist 2"	"Serial Metrics"	"-"	"12 days ago"	"Part-time, Contract"	"2018-10-15"	"San+Francisco%2C+CA"	0	TRUE	FALSE	FALSE	FALSE	FALSE	FALSE	FALSE	TRUE	FALSE	FALSE	FALSE	FALSE	FALSE	FALSE	FALSE	TRUE	FALSE	FALSE	FALSE	FALSE	FALSE	TRUE	FALSE	FALSE	FALSE	FALSE	FALSE	FALSE	FALSE	FALSE	FALSE	TRUE	FALSE	FALSE
"https://www.indeed.com/viewjob?jk=3f8c7a77798ec4d9"	"Data Scientist"	"Bold Metrics"	"-"	"11 days ago"	"character(0)"	"2018-10-15"	"San+Francisco%2C+CA"	0	TRUE	FALSE	FALSE	FALSE	FALSE	FALSE	FALSE	FALSE	FALSE	FALSE	FALSE	FALSE	FALSE	FALSE	FALSE	TRUE	FALSE	FALSE	FALSE	FALSE	FALSE	TRUE	FALSE	FALSE	FALSE	FALSE	FALSE	FALSE	FALSE	FALSE	FALSE	TRUE	FALSE	FALSE
"https://www.indeed.com/viewjob?jk=4a0c653523465d2f"	"Data Scientist"	"Ask Media Group"	"-"	"18 days ago"	"character(0)"	"2018-10-15"	"San+Francisco%2C+CA"	0	FALSE	FALSE	FALSE	FALSE	FALSE	FALSE	FALSE	FALSE	FALSE	FALSE	FALSE	FALSE	FALSE	FALSE	FALSE	FALSE	FALSE	FALSE	FALSE	FALSE	FALSE	TRUE	FALSE	FALSE	FALSE	FALSE	FALSE	FALSE	FALSE	FALSE	FALSE	TRUE	FALSE	FALSE
"https://www.indeed.com/viewjob?jk=54daf27039e37d11"	"Data Scientist"	"Astral Knowledge Services"	"-"	"5 days ago"	"c(\$71 an hour\, \Part-time\)"	"2018-10-15"	"San+Francisco%2C+CA"	0	TRUE	FALSE	FALSE	FALSE	FALSE	TRUE	FALSE	FALSE	FALSE	FALSE	FALSE	FALSE	FALSE	FALSE	FALSE	TRUE	FALSE	FALSE	FALSE	FALSE	FALSE	FALSE	FALSE	FALSE	FALSE	FALSE	FALSE	FALSE	FALSE	TRUE	FALSE	TRUE	FALSE	FALSE
"https://www.indeed.com/viewjob?jk=16523ebd856e5f7c"	"Data Scientist - Business"	"Asana"	"6 reviews"	"9 days ago"	"character(0)"	"2018-10-15"	"San+Francisco%2C+CA"	0	FALSE	FALSE	FALSE	FALSE	FALSE	FALSE	TRUE	FALSE	FALSE	FALSE	FALSE	FALSE	FALSE	FALSE	FALSE	FALSE	FALSE	FALSE	FALSE	FALSE	FALSE	TRUE	FALSE	FALSE	TRUE	FALSE	FALSE	FALSE	FALSE	FALSE	FALSE	TRUE	FALSE	FALSE
"https://www.indeed.com/viewjob?jk=c3cf1f861bcdfa11"	"Data Scientist"	"Metabiota"	"4 reviews"	"2 days ago"	"character(0)"	"2018-10-15"	"San+Francisco%2C+CA"	0	TRUE	FALSE	FALSE	FALSE	FALSE	FALSE	FALSE	FALSE	FALSE	FALSE	FALSE	TRUE	FALSE	FALSE	FALSE	FALSE	FALSE	FALSE	FALSE	FALSE	FALSE	TRUE	TRUE	FALSE	FALSE	FALSE	FALSE	TRUE	FALSE	FALSE	FALSE	FALSE	FALSE	FALSE
"https://www.indeed.com/viewjob?jk=ed87e17df2b0f8ca"	"Data Scientist"	"LendingHome"	"6 reviews"	"10 days ago"	"$117,000 - $148,000 a year (Indeed Est.) "	"2018-10-15"	"San+Francisco%2C+CA"	10	FALSE	FALSE	FALSE	FALSE	FALSE	FALSE	FALSE	FALSE	FALSE	FALSE	FALSE	FALSE	FALSE	FALSE	FALSE	TRUE	FALSE	FALSE	FALSE	FALSE	FALSE	TRUE	FALSE	TRUE	FALSE	FALSE	FALSE	FALSE	FALSE	FALSE	FALSE	TRUE	FALSE	FALSE
"https://www.indeed.com/viewjob?jk=ea00d2e3489df2f1"	"Data Scientist"	"Directly Software"	"-"	"3 days ago"	"character(0)"	"2018-10-15"	"San+Francisco%2C+CA"	10	FALSE	FALSE	FALSE	FALSE	FALSE	FALSE	FALSE	FALSE	FALSE	FALSE	FALSE	TRUE	FALSE	FALSE	FALSE	FALSE	FALSE	FALSE	FALSE	FALSE	FALSE	TRUE	FALSE	TRUE	TRUE	FALSE	FALSE	FALSE	FALSE	FALSE	FALSE	TRUE	TRUE	TRUE
"https://www.indeed.com/viewjob?jk=7d9032db854fa829"	"Marketing & Customer Insights – Data Scientist Intern"	"Adobe"	"482 reviews"	"13 days ago"	"c(\$97,000 - $143,000 a year (Indeed Est.) \, \Internship\)"	"2018-10-15"	"San+Francisco%2C+CA"	10	TRUE	FALSE	FALSE	FALSE	FALSE	FALSE	FALSE	FALSE	FALSE	FALSE	FALSE	TRUE	FALSE	FALSE	FALSE	FALSE	FALSE	FALSE	FALSE	FALSE	FALSE	FALSE	TRUE	FALSE	FALSE	FALSE	FALSE	FALSE	FALSE	FALSE	FALSE	TRUE	TRUE	FALSE
"https://www.indeed.com/viewjob?jk=90ba038631c26db9"	"Data Scientist"	"Slync"	"-"	"13 days ago"	"character(0)"	"2018-10-15"	"San+Francisco%2C+CA"	10	FALSE	FALSE	FALSE	TRUE	FALSE	FALSE	FALSE	FALSE	FALSE	FALSE	FALSE	FALSE	FALSE	FALSE	FALSE	FALSE	FALSE	FALSE	FALSE	FALSE	FALSE	TRUE	TRUE	FALSE	TRUE	FALSE	FALSE	FALSE	TRUE	FALSE	FALSE	TRUE	FALSE	FALSE
"https://www.indeed.com/viewjob?jk=a66436f2fa65ef76"	"Data Scientist, Audience Science"	"Ubisoft"	"170 reviews"	"16 days ago"	"$128,000 - $163,000 a year (Indeed Est.) "	"2018-10-15"	"San+Francisco%2C+CA"	10	TRUE	FALSE	FALSE	FALSE	TRUE	TRUE	FALSE	FALSE	FALSE	FALSE	FALSE	TRUE	FALSE	FALSE	FALSE	FALSE	FALSE	FALSE	FALSE	FALSE	FALSE	TRUE	FALSE	TRUE	TRUE	FALSE	FALSE	FALSE	FALSE	TRUE	FALSE	TRUE	FALSE	FALSE
"https://www.indeed.com/viewjob?jk=60e837ea4d254dd3"	"Data Scientist"	"Fractal Analytics"	"22 reviews"	"12 days ago"	"character(0)"	"2018-10-15"	"San+Francisco%2C+CA"	10	FALSE	FALSE	FALSE	FALSE	FALSE	FALSE	FALSE	FALSE	FALSE	FALSE	FALSE	FALSE	FALSE	FALSE	FALSE	FALSE	FALSE	FALSE	FALSE	FALSE	FALSE	TRUE	FALSE	FALSE	FALSE	FALSE	FALSE	FALSE	FALSE	FALSE	FALSE	FALSE	TRUE	FALSE
"https://www.indeed.com/viewjob?jk=673fe947afa81c3e"	"SAR Data Scientist"	"Capella Space"	"-"	"19 days ago"	"character(0)"	"2018-10-15"	"San+Francisco%2C+CA"	10	FALSE	FALSE	FALSE	FALSE	FALSE	FALSE	FALSE	FALSE	FALSE	FALSE	FALSE	TRUE	FALSE	FALSE	FALSE	FALSE	FALSE	FALSE	FALSE	FALSE	FALSE	TRUE	FALSE	FALSE	FALSE	TRUE	FALSE	FALSE	FALSE	FALSE	FALSE	FALSE	FALSE	FALSE
"https://www.indeed.com/viewjob?jk=941ae4df0b36bd55"	"Data Scientist"	"JUUL Labs"	"2 reviews"	"25 days ago"	"character(0)"	"2018-10-15"	"San+Francisco%2C+CA"	100	TRUE	FALSE	FALSE	TRUE	FALSE	FALSE	FALSE	FALSE	FALSE	FALSE	FALSE	TRUE	FALSE	FALSE	FALSE	FALSE	FALSE	FALSE	FALSE	FALSE	FALSE	TRUE	FALSE	FALSE	FALSE	FALSE	FALSE	FALSE	FALSE	FALSE	FALSE	TRUE	FALSE	FALSE
"https://www.indeed.com/viewjob?jk=777e8861ec85b673"	"Receptionist, Directory Assistance"	"Autodesk"	"326 reviews"	"2 days ago"	"character(0)"	"2018-10-15"	"San+Francisco%2C+CA"	100	TRUE	FALSE	FALSE	TRUE	FALSE	FALSE	FALSE	FALSE	FALSE	FALSE	FALSE	FALSE	FALSE	FALSE	FALSE	TRUE	FALSE	FALSE	FALSE	FALSE	FALSE	FALSE	FALSE	FALSE	FALSE	FALSE	FALSE	FALSE	FALSE	FALSE	FALSE	FALSE	FALSE	FALSE
"https://www.indeed.com/viewjob?jk=d8446ef18e6282b8"	"Data Scientist"	"Ace Technologies"	"16 reviews"	"14 days ago"	"Contract"	"2018-10-15"	"San+Francisco%2C+CA"	100	FALSE	FALSE	FALSE	TRUE	FALSE	FALSE	FALSE	FALSE	FALSE	FALSE	FALSE	FALSE	FALSE	FALSE	FALSE	FALSE	FALSE	FALSE	FALSE	FALSE	FALSE	TRUE	TRUE	TRUE	TRUE	TRUE	FALSE	TRUE	FALSE	FALSE	FALSE	TRUE	TRUE	FALSE
"https://www.indeed.com/viewjob?jk=30db1c21b2866bba"	"Data Scientist"	"1-800 Radiator & A/C"	"4 reviews"	"12 days ago"	"character(0)"	"2018-10-15"	"San+Francisco%2C+CA"	100	FALSE	FALSE	FALSE	FALSE	FALSE	FALSE	FALSE	FALSE	FALSE	FALSE	FALSE	FALSE	FALSE	FALSE	FALSE	FALSE	FALSE	FALSE	FALSE	FALSE	FALSE	TRUE	FALSE	FALSE	FALSE	FALSE	FALSE	TRUE	FALSE	FALSE	FALSE	TRUE	FALSE	FALSE
"https://www.indeed.com/viewjob?jk=51013d1cd86d68ad"	"Senior Data Scientist"	"Indeed"	"354 reviews"	"8 days ago"	"character(0)"	"2018-10-15"	"San+Francisco%2C+CA"	100	FALSE	FALSE	FALSE	FALSE	FALSE	FALSE	FALSE	FALSE	FALSE	FALSE	FALSE	FALSE	TRUE	FALSE	FALSE	FALSE	FALSE	FALSE	FALSE	FALSE	FALSE	TRUE	FALSE	TRUE	TRUE	TRUE	TRUE	FALSE	FALSE	FALSE	TRUE	TRUE	TRUE	FALSE
